Country,Latitude,Longitude,TallestCity,Rank,Population,Number,NumPer10milPop
China,35.86166,104.195397,Hong Kong,1,1353821000,2562,18.92421524
United States of America,37.09024,-95.712891,New York City,2,317518000,838,26.39220454
United Arab Emirates,23.424076,53.847818,Dubai,3,5473972,305,557.1822435
Japan,36.204824,138.252924,Tokyo,4,127103388,268,21.08519719
South Korea,35.907757,127.766922,Seoul,5,50219669,266,52.96729455
Australia,-25.274398,133.775136,Melbourne,6,23836540,137,57.47478451
Malaysia,4.210484,101.975766,Kuala Lumpur,7,30073353,136,45.22275916
Indonesia,-0.789275,113.921327,Jakarta,8,237556363,127,5.346099696
Thailand,15.870032,100.992541,Bangkok,9,67070000,125,18.63724467
Canada,56.130366,-106.346771,Toronto,10,33476688,122,36.44327061
Philippines,12.879721,121.774017,Makati,11,94013200,118,12.55142895
Singapore,1.352083,103.819836,Singapore,12,5076700,94,185.159651
India,20.593684,78.96288,Mumbai,13,1192280000,92,0.771630825
Turkey,38.963745,35.243322,Istanbul,14,81619392,67,8.208833509
Panama,8.537981,-80.782127,Panama City,15,3405813,63,184.9778599
Brazil,-14.235004,-51.92528,Balneario Camboriu,16,201032714,53,2.636386832
Russia,61.52401,105.318756,Moscow,17,141927297,50,3.522930476
Qatar,25.354826,51.183884,Doha,18,1696563,44,259.3478698
Mexico,23.634501,-102.552784,Mexico City,19,112322757,43,3.82825361
Saudi Arabia,23.885942,45.079162,Riyadh,20,29195895,36,12.33050057
United Kingdom,55.378051,-3.435973,London,21,63181775,32,5.064751663
Vietnam,14.058324,108.277199,Ho Chi Minh City,22,93421835,32,3.425323427
France,46.227638,2.213749,Courbevoie,23,65447374,24,3.667068445
Colombia,4.570868,-74.297333,Bogota,24,45785000,23,5.023479305
Israel,31.046051,34.851612,Tel Aviv,25,8051200,22,27.32511924
Germany,51.165691,10.451526,Frankfurt am Main,26,80585700,20,2.481829903
Kuwait,29.31166,47.481766,Kuwait City,27,3051000,17,55.71943625
North Korea,40.339852,127.510093,Pyongyang,28,24052231,16,6.652189562
Bahrain,25.930414,50.637772,Manama,29,807000,13,161.0904585
Spain,40.463667,-3.74922,Madrid,30,47737941,13,2.723200818
Argentina,-38.416097,-63.616672,Buenos Aires,31,40091359,12,2.993163689
Poland,51.919438,19.145136,Warsaw,32,38092000,12,3.150267773
Sri Lanka,7.873054,80.771797,Colombo,33,20410000,11,5.389514944
Kazakhstan,48.019573,66.923684,Nur-Sultan,34,16396000,8,4.879238839
Italy,41.87194,12.56738,Milan,35,59685227,6,1.005273885
Netherlands,52.132633,5.291266,Rotterdam,36,16877351,6,3.55506027
South Africa,-30.559482,22.937506,Johannesburg,37,49991300,5,1.00017403
Azerbaijan,40.143105,47.576927,Baku,38,8997400,4,4.445728766
Lebanon,33.854721,35.862285,Beirut,39,4255000,4,9.400705053
New Zealand,-40.900557,174.885971,Auckland,40,4394400,4,9.102494083
Venezuela,6.42375,-66.58973,Caracas,41,29058000,4,1.37655723
Austria,47.516231,14.550072,Vienna,42,8396760,3,3.572806654
Tanzania,-6.369028,34.888822,Dar es Salaam,43,44928923,3,0.667721325
Chile,-35.675147,-71.542969,Santiago,44,17363894,2,1.15181537
Dominican Republic,18.735693,-70.162651,Santo Domingo,45,9884371,2,2.023396329
Georgia,42.315407,43.356892,Batumi,46,4436000,2,4.508566276
Jordan,30.585164,36.238414,Amman,47,6472000,2,3.090234858
Kenya,-0.023559,37.906193,Nairobi,48,38610097,2,0.517999217
Pakistan,30.375321,69.345116,Karachi,49,171476000,2,0.116634398
Algeria,28.033886,1.659626,Algiers,50,35600000,1,0.280898876
Bangladesh,23.684994,90.356331,Dhaka,51,149804000,1,0.066753892
Cambodia,12.565679,104.990963,Phnom Penh,52,13395682,1,0.746509211
Iran,32.427908,53.688046,Tehran,53,81824270,1,0.122213128
Iraq,33.223191,43.679291,Sulaymaniyah,54,31467000,1,0.317793244
Monaco,43.750298,7.412841,Monaco,56,33000,1,303.030303
Nigeria,9.081999,8.675277,Lagos,57,158259000,1,0.06318756
Sweden,60.128161,18.643501,Malmö,58,9408028,1,1.062922007
Switzerland,46.818188,8.227512,Basel,59,7782900,1,1.284868108
Turkmenistan,38.969719,59.556278,Ashgabat,60,5177000,1,1.93162063
Ukraine,48.379433,31.16558,Kiev,61,45808893,1,0.218298224
Uruguay,-32.522779,-55.765835,Montevideo,62,3356584,1,2.979219349
Andorra,42.546245,1.601554,0,0,0,0,0
Afghanistan,33.93911,67.709953,0,0,0,0,0
Antigua and Barbuda,17.060816,-61.796428,0,0,0,0,0
Anguilla,18.220554,-63.068615,0,0,0,0,0
Albania,41.153332,20.168331,0,0,0,0,0
Armenia,40.069099,45.038189,0,0,0,0,0
Netherlands Antilles,12.226079,-69.060087,0,0,0,0,0
Angola,-11.202692,17.873887,0,0,0,0,0
Antarctica,-75.250973,-0.071389,0,0,0,0,0
American Samoa,-14.270972,-170.132217,0,0,0,0,0
Aruba,12.52111,-69.968338,0,0,0,0,0
Bosnia and Herzegovina,43.915886,17.679076,0,0,0,0,0
Barbados,13.193887,-59.543198,0,0,0,0,0
Belgium,50.503887,4.469936,0,0,0,0,0
Burkina Faso,12.238333,-1.561593,0,0,0,0,0
Bulgaria,42.733883,25.48583,0,0,0,0,0
Burundi,-3.373056,29.918886,0,0,0,0,0
Benin,9.30769,2.315834,0,0,0,0,0
Bermuda,32.321384,-64.75737,0,0,0,0,0
Brunei,4.535277,114.727669,0,0,0,0,0
Bolivia,-16.290154,-63.588653,0,0,0,0,0
Bahamas,25.03428,-77.39628,0,0,0,0,0
Bhutan,27.514162,90.433601,0,0,0,0,0
Bouvet Island,-54.423199,3.413194,0,0,0,0,0
Botswana,-22.328474,24.684866,0,0,0,0,0
Belarus,53.709807,27.953389,0,0,0,0,0
Belize,17.189877,-88.49765,0,0,0,0,0
Cocos [Keeling] Islands,-12.164165,96.870956,0,0,0,0,0
Congo [DRC],-4.038333,21.758664,0,0,0,0,0
Central African Republic,6.611111,20.939444,0,0,0,0,0
Congo [Republic],-0.228021,15.827659,0,0,0,0,0
Côte d'Ivoire,7.539989,-5.54708,0,0,0,0,0
Cook Islands,-21.236736,-159.777671,0,0,0,0,0
Cameroon,7.369722,12.354722,0,0,0,0,0
Costa Rica,9.748917,-83.753428,0,0,0,0,0
Cuba,21.521757,-77.781167,0,0,0,0,0
Cape Verde,16.002082,-24.013197,0,0,0,0,0
Christmas Island,-10.447525,105.690449,0,0,0,0,0
Cyprus,35.126413,33.429859,0,0,0,0,0
Czech Republic,49.817492,15.472962,0,0,0,0,0
Djibouti,11.825138,42.590275,0,0,0,0,0
Denmark,56.26392,9.501785,0,0,0,0,0
Dominica,15.414999,-61.370976,0,0,0,0,0
Ecuador,-1.831239,-78.183406,0,0,0,0,0
Estonia,58.595272,25.013607,0,0,0,0,0
Egypt,26.820553,30.802498,0,0,0,0,0
Western Sahara,24.215527,-12.885834,0,0,0,0,0
Eritrea,15.179384,39.782334,0,0,0,0,0
Ethiopia,9.145,40.489673,0,0,0,0,0
Finland,61.92411,25.748151,0,0,0,0,0
Fiji,-16.578193,179.414413,0,0,0,0,0
Falkland Islands [Islas Malvinas],-51.796253,-59.523613,0,0,0,0,0
Micronesia,7.425554,150.550812,0,0,0,0,0
Faroe Islands,61.892635,-6.911806,0,0,0,0,0
Gabon,-0.803689,11.609444,0,0,0,0,0
Grenada,12.262776,-61.604171,0,0,0,0,0
French Guiana,3.933889,-53.125782,0,0,0,0,0
Guernsey,49.465691,-2.585278,0,0,0,0,0
Ghana,7.946527,-1.023194,0,0,0,0,0
Gibraltar,36.137741,-5.345374,0,0,0,0,0
Greenland,71.706936,-42.604303,0,0,0,0,0
Gambia,13.443182,-15.310139,0,0,0,0,0
Guinea,9.945587,-9.696645,0,0,0,0,0
Guadeloupe,16.995971,-62.067641,0,0,0,0,0
Equatorial Guinea,1.650801,10.267895,0,0,0,0,0
Greece,39.074208,21.824312,0,0,0,0,0
South Georgia and the South Sandwich Islands,-54.429579,-36.587909,0,0,0,0,0
Guatemala,15.783471,-90.230759,0,0,0,0,0
Guam,13.444304,144.793731,0,0,0,0,0
Guinea-Bissau,11.803749,-15.180413,0,0,0,0,0
Guyana,4.860416,-58.93018,0,0,0,0,0
Gaza Strip,31.354676,34.308825,0,0,0,0,0
Hong Kong,22.396428,114.109497,0,0,0,0,0
Heard Island and McDonald Islands,-53.08181,73.504158,0,0,0,0,0
Honduras,15.199999,-86.241905,0,0,0,0,0
Croatia,45.1,15.2,0,0,0,0,0
Haiti,18.971187,-72.285215,0,0,0,0,0
Hungary,47.162494,19.503304,0,0,0,0,0
Ireland,53.41291,-8.24389,0,0,0,0,0
Isle of Man,54.236107,-4.548056,0,0,0,0,0
British Indian Ocean Territory,-6.343194,71.876519,0,0,0,0,0
Iceland,64.963051,-19.020835,0,0,0,0,0
Jersey,49.214439,-2.13125,0,0,0,0,0
Jamaica,18.109581,-77.297508,0,0,0,0,0
Kyrgyzstan,41.20438,74.766098,0,0,0,0,0
Kiribati,-3.370417,-168.734039,0,0,0,0,0
Comoros,-11.875001,43.872219,0,0,0,0,0
Saint Kitts and Nevis,17.357822,-62.782998,0,0,0,0,0
Cayman Islands,19.513469,-80.566956,0,0,0,0,0
Laos,19.85627,102.495496,0,0,0,0,0
Saint Lucia,13.909444,-60.978893,0,0,0,0,0
Liechtenstein,47.166,9.555373,0,0,0,0,0
Liberia,6.428055,-9.429499,0,0,0,0,0
Lesotho,-29.609988,28.233608,0,0,0,0,0
Lithuania,55.169438,23.881275,0,0,0,0,0
Luxembourg,49.815273,6.129583,0,0,0,0,0
Latvia,56.879635,24.603189,0,0,0,0,0
Libya,26.3351,17.228331,0,0,0,0,0
Morocco,31.791702,-7.09262,0,0,0,0,0
Moldova,47.411631,28.369885,0,0,0,0,0
Montenegro,42.708678,19.37439,0,0,0,0,0
Madagascar,-18.766947,46.869107,0,0,0,0,0
Marshall Islands,7.131474,171.184478,0,0,0,0,0
Macedonia [FYROM],41.608635,21.745275,0,0,0,0,0
Mali,17.570692,-3.996166,0,0,0,0,0
Myanmar [Burma],21.913965,95.956223,0,0,0,0,0
Mongolia,46.862496,103.846656,0,0,0,0,0
Macau,22.198745,113.543873,0,0,0,0,0
Northern Mariana Islands,17.33083,145.38469,0,0,0,0,0
Martinique,14.641528,-61.024174,0,0,0,0,0
Mauritania,21.00789,-10.940835,0,0,0,0,0
Montserrat,16.742498,-62.187366,0,0,0,0,0
Malta,35.937496,14.375416,0,0,0,0,0
Mauritius,-20.348404,57.552152,0,0,0,0,0
Maldives,3.202778,73.22068,0,0,0,0,0
Malawi,-13.254308,34.301525,0,0,0,0,0
Mozambique,-18.665695,35.529562,0,0,0,0,0
Namibia,-22.95764,18.49041,0,0,0,0,0
New Caledonia,-20.904305,165.618042,0,0,0,0,0
Niger,17.607789,8.081666,0,0,0,0,0
Norfolk Island,-29.040835,167.954712,0,0,0,0,0
Nicaragua,12.865416,-85.207229,0,0,0,0,0
Norway,60.472024,8.468946,0,0,0,0,0
Nepal,28.394857,84.124008,0,0,0,0,0
Nauru,-0.522778,166.931503,0,0,0,0,0
Niue,-19.054445,-169.867233,0,0,0,0,0
Oman,21.512583,55.923255,0,0,0,0,0
Peru,-9.189967,-75.015152,0,0,0,0,0
French Polynesia,-17.679742,-149.406843,0,0,0,0,0
Papua New Guinea,-6.314993,143.95555,0,0,0,0,0
Saint Pierre and Miquelon,46.941936,-56.27111,0,0,0,0,0
Pitcairn Islands,-24.703615,-127.439308,0,0,0,0,0
Puerto Rico,18.220833,-66.590149,0,0,0,0,0
Palestinian Territories,31.952162,35.233154,0,0,0,0,0
Portugal,39.399872,-8.224454,0,0,0,0,0
Palau,7.51498,134.58252,0,0,0,0,0
Paraguay,-23.442503,-58.443832,0,0,0,0,0
Réunion,-21.115141,55.536384,0,0,0,0,0
Romania,45.943161,24.96676,0,0,0,0,0
Serbia,44.016521,21.005859,0,0,0,0,0
Rwanda,-1.940278,29.873888,0,0,0,0,0
Solomon Islands,-9.64571,160.156194,0,0,0,0,0
Seychelles,-4.679574,55.491977,0,0,0,0,0
Sudan,12.862807,30.217636,0,0,0,0,0
Saint Helena,-24.143474,-10.030696,0,0,0,0,0
Slovenia,46.151241,14.995463,0,0,0,0,0
Svalbard and Jan Mayen,77.553604,23.670272,0,0,0,0,0
Slovakia,48.669026,19.699024,0,0,0,0,0
Sierra Leone,8.460555,-11.779889,0,0,0,0,0
San Marino,43.94236,12.457777,0,0,0,0,0
Senegal,14.497401,-14.452362,0,0,0,0,0
Somalia,5.152149,46.199616,0,0,0,0,0
Suriname,3.919305,-56.027783,0,0,0,0,0
São Tomé and Príncipe,0.18636,6.613081,0,0,0,0,0
El Salvador,13.794185,-88.89653,0,0,0,0,0
Syria,34.802075,38.996815,0,0,0,0,0
Swaziland,-26.522503,31.465866,0,0,0,0,0
Turks and Caicos Islands,21.694025,-71.797928,0,0,0,0,0
Chad,15.454166,18.732207,0,0,0,0,0
French Southern Territories,-49.280366,69.348557,0,0,0,0,0
Togo,8.619543,0.824782,0,0,0,0,0
Tajikistan,38.861034,71.276093,0,0,0,0,0
Tokelau,-8.967363,-171.855881,0,0,0,0,0
Timor-Leste,-8.874217,125.727539,0,0,0,0,0
Tunisia,33.886917,9.537499,0,0,0,0,0
Tonga,-21.178986,-175.198242,0,0,0,0,0
Trinidad and Tobago,10.691803,-61.222503,0,0,0,0,0
Tuvalu,-7.109535,177.64933,0,0,0,0,0
Taiwan,23.69781,120.960515,0,0,0,0,0
Uganda,1.373333,32.290275,0,0,0,0,0
U.S. Minor Outlying Islands,,,0,0,0,0,0
Uzbekistan,41.377491,64.585262,0,0,0,0,0
Vatican City,41.902916,12.453389,0,0,0,0,0
Saint Vincent and the Grenadines,12.984305,-61.287228,0,0,0,0,0
British Virgin Islands,18.420695,-64.639968,0,0,0,0,0
U.S. Virgin Islands,18.335765,-64.896335,0,0,0,0,0
Vanuatu,-15.376706,166.959158,0,0,0,0,0
Wallis and Futuna,-13.768752,-177.156097,0,0,0,0,0
Samoa,-13.759029,-172.104629,0,0,0,0,0
Kosovo,42.602636,20.902977,0,0,0,0,0
Yemen,15.552727,48.516388,0,0,0,0,0
Mayotte,-12.8275,45.166244,0,0,0,0,0
Zambia,-13.133897,27.849332,0,0,0,0,0
Zimbabwe,-19.015438,29.154857,0,0,0,0,0